Variable,MAE Baseline,MAE RF,Mejora MAE (%),RMSE Baseline,RMSE RF,Mejora RMSE (%),R² RF
Ucla Total,4.833333333333333,6.1241740019240005,-26.707048315668985,5.76868943329226,7.506580938369931,-30.126279550567435,-0.720248505843099
Dass Depresion,7.333333333333333,9.17814666506333,-25.15654543268179,8.621678104251709,10.311103400403693,-19.595086660900257,-0.442034012062817
Dass Ansiedad,7.444444444444445,8.1212504995005,-9.09142462015596,8.412952976082641,9.454167345149028,-12.376324603578274,-0.27082388895851484
Dass Estres,7.777777777777778,7.131284151034151,8.312060915275197,9.428090415820634,8.953226365162916,5.036693855426772,0.09618857878428222
